id,text_no_spaces,predicted_positions
0,куплюайфон14про,"[5, 10, 12]"
1,ищудомвПодмосковье,"[7, 10, 15]"
2,сдаюквартирусмебельюитехникой,"[4, 12, 13, 19, 21]"
3,новыйдивандоставканедорого,"[5, 10, 12, 16, 20]"
4,отдамдаромкошку,"[5, 10]"
5,работавМосквеудаленно,"[6, 7, 13]"
6,куплютелевизорPhilips,"[5, 9, 14, 17]"
7,ищугрузчиковдляпереезда,"[3, 7, 11, 15, 19]"
8,ремонтквартирподключ,"[6, 13, 16]"
9,куплюноутбукHP,"[5, 12]"
10,ищуквартирууметро,"[3, 11, 12]"
11,новаямикроволновкаSamsung,"[5, 10, 14, 18, 21]"
12,срочнопродамвелосипед,"[6, 12]"
13,куплюгитаруFender,"[5, 11]"
14,ищурепетиторапобиологии,"[5, 9, 13, 15]"
15,сдаюгаражнадлительныйсрок,"[4, 9, 11, 21]"
16,куплюдиванбу,"[5, 10]"
17,ищумастерапоремонтухолодильников,"[3, 9, 12, 18, 19, 24, 27, 31]"
18,новыйшкафдоставкасегодня,"[5, 9, 17]"
19,куплюXboxOne,"[5, 9]"
20,ищуподработкуповечерам,"[3, 6, 11, 15, 20]"
21,сдамкомнатустудентке,"[4, 11, 18]"
22,куплюстаруюкнигу,"[5, 11]"
23,ищусобакулабрадор,"[3, 9]"
24,новыйтелефонXiaomi13,"[5, 12, 16]"
25,куплюPlaystation5диск,"[5, 9, 16, 17]"
26,ищукомнатувцентрегорода,"[3, 10, 11, 17]"
27,срочнонужнаняняребенку,"[6, 11, 15]"
28,куплюстиральнуюмашинуIndesit,"[5, 15, 21]"
29,ищудетскуюкроваткубу,"[3, 10, 14, 16]"
30,новаякурткадоставка,"[5, 11]"
31,куплювелосипедMerida,"[5, 14, 16]"
32,ищуврачаофтальмолога,"[3, 7, 10, 14, 16]"
33,сдаюквартирувцентреМосквы,"[4, 12, 13, 19]"
34,куплюхолодильникSamsung,"[5, 16, 19]"
35,ищукошкубританскую,"[3, 8, 10, 14]"
36,новыйноутбукдоставказавтра,"[5, 12, 20]"
37,куплюшкафбу,"[5, 9]"
38,ищурепетиторапоистории,"[5, 9, 13, 15]"
39,сдаюкомнатубезпосредников,"[4, 11, 14, 23]"
40,куплютелевизорLGOLED,"[5, 9, 14]"
41,ищуквартирунедорогосрочно,"[2, 5, 9, 13, 19]"
42,новыйайфондоставка,"[5, 7, 11, 12]"
43,куплюгитаруYamaha,"[5, 11]"
44,ищустудиюуметро,"[3, 9, 10]"
45,сдамквартирумолодоженам,"[4, 12, 17, 18, 22]"
46,куплюкомпьютеригровой,"[5, 14]"
47,ищуработуповаромвкафе,"[3, 9, 14, 17]"
48,новыйдиванIkea,"[5, 10]"
49,куплюстарыйноутбук,"[5, 11]"
50,ищусобакудобермана,"[3, 9, 14]"
51,срочносдаюкомнату,"[6, 10]"
52,куплюмониторLG,"[5, 12]"
53,ищумастерапосантехнике,"[3, 9, 11, 15]"
54,новыйстолдоставка,"[5, 9]"
55,куплюайфон13мини,"[5, 10, 12]"
56,ищудевушкудляотношений,"[3, 10, 13]"
57,сдаюдачуналето,"[4, 8, 10]"
58,куплюстиральнуюмашинуLG,"[5, 15, 21]"
59,ищуучителяанглийскогоязыка,"[3, 10, 14, 17, 21]"
60,новыйноутбукAsus,"[5, 12]"
61,куплюматрасортопедический,"[5, 11, 18, 21]"
62,ищукомнатунадлительныйсрок,"[3, 10, 12, 22]"
63,сдамквартирубеззалога,"[4, 12, 15, 20]"
64,куплюхолодильникAtlant,"[5, 16]"
65,ищусобакушпица,"[3, 9, 10]"
66,новаястиральнаямашинадоставка,"[5, 15, 19, 23]"
67,куплютелевизорSony,"[5, 9, 14]"
68,ищурепетиторапогеографии,"[5, 9, 13, 15, 18, 22]"
69,сдаюкомнатусмебелью,"[4, 11, 12, 18]"
70,куплюпылесосDyson,"[5, 12]"
71,ищуработуофицианткой,"[3, 9, 17]"
72,новыйшкафкупе,"[5, 9]"
73,куплюдиванугловой,"[5, 10, 15]"
74,ищуквартирунадлительныйсрок,"[3, 11, 13, 23]"
75,сдамгаражваренду,"[4, 9, 10]"
76,куплювелосипедStels,"[5, 14]"
77,ищуврачапедиатра,"[3, 8, 15]"
78,новыйтелефонOppo,"[5, 12]"
79,куплюмикроволновкуSamsung,"[5, 10, 14, 18, 21]"
80,ищукомнатудлядевушки,"[3, 10, 13]"
81,срочнопродамшкаф,"[6, 12]"
82,куплюPlaystation4slim,"[5, 9, 16, 17]"
83,ищусобакунемецкуюовчарку,"[3, 9, 14, 17, 20]"
84,новаякуртказима,"[5, 11]"
85,куплютелефонHonor,"[5, 12]"
86,ищуподругудляпрогулок,"[5, 9, 13]"
87,сдаюквартирусемье,"[4, 12]"
88,куплютелевизорToshiba,"[5, 9, 14, 18]"
89,ищумастерапоремонтустиралок,"[3, 9, 12, 18, 19, 25]"
90,новыйдивансерый,"[5, 10]"
91,куплюкомодбу,"[5, 10]"
92,ищуучителяпоматематике,"[3, 10, 14, 18]"
93,сдамквартирустудентам,"[4, 12, 19]"
94,куплювелосипедбу,"[5, 14]"
95,ищустудиюнамесяц,"[3, 9, 11]"
96,новаямикроволновкадоставка,"[5, 10, 14, 18]"
97,ищуработунавыходные,"[3, 9, 11]"
98,куплютелефонHuawei,"[5, 12]"
99,"продамшкаф,почтиновый,сзеркалами","[6, 10, 11, 16, 21, 23, 30]"
100,"ищукнигубратьякарамазовы,срочно","[3, 8, 12, 14, 18, 19, 23, 25]"
101,"новыймонитор,27дюймов,доставка","[5, 12, 15, 21, 24]"
102,"куплюковрикдляйоги,недорого!","[5, 11, 14, 18, 21, 27]"
103,"ищуинструкторапоплаванию,бассейнрядом","[3, 13, 17, 21, 25, 32]"
104,"сдамкомнату,толькодевушке","[4, 11, 12, 18]"
105,"куплюшвейнуюмашинку,рабочую","[5, 12, 17, 20]"
106,"ищудрузейдляпутешествий,летомвгоры","[3, 9, 12, 23, 24, 28, 30]"
107,"новаякофеваркаPhilips,гарантияесть","[5, 9, 10, 14, 18, 21, 22, 30]"
108,"куплюлыжи,палкивкомплекте","[5, 9, 10, 15, 16]"
109,"ищуучителяповокалу,джаз","[3, 10, 12, 17, 19]"
110,"сдамместовгараже,сухо","[4, 9, 10, 15, 17]"
111,"куплюдетскийвелосипед,длядевочки","[5, 12, 21, 25]"
112,"ищупекарявкафе,утро","[3, 7, 10, 14, 15]"
113,"новаястиралкаBosch,привезусам","[5, 11, 13, 15, 18, 19, 25]"
114,"куплюстолписьменный,белый","[5, 9, 15, 19, 20]"
115,"ищупрограммистанапроект,срочно!","[3, 11, 13, 17, 23, 24, 30]"
116,"сдамстудиюпосуточно,метрорядом","[4, 10, 14, 19, 20, 25]"
117,"куплюсковородучугунную,диаметр28","[5, 10, 14, 18, 22, 23, 26, 30]"
118,"ищурепетиторапобиологии,ЕГЭ","[5, 9, 13, 15, 23, 24]"
119,"новаягазоваяплита,привезёмбыстро","[5, 12, 17, 18, 24, 26]"
120,"куплюмашинуВАЗбу,находу","[5, 11, 16, 19]"
121,"ищустоликдляноутбука,складной","[3, 7, 12, 16, 20, 23, 28]"
122,"сдамквартирунаночь,чисто","[4, 12, 14, 18, 19]"
123,"куплюшкаф-купе,трёхдверный","[5, 9, 10, 14, 15, 19, 20]"
124,"ищукостюмнасвадьбу,мужской","[3, 9, 11, 18, 19]"
125,"новыйпылесосSamsung,коробкаесть","[5, 12, 15, 19, 20, 27]"
126,"куплюрюкзактуристический,70литров","[5, 11, 17, 20, 24, 27]"
127,ищуучителяпошахматам,"[3, 10, 12]"
128,"сдампарковкувцентре,охрана","[4, 8, 13, 19, 22]"
129,"куплюкроссовкиAdidas,оригинал","[5, 6, 10, 14, 20, 21]"
130,"ищустолярныеуслуги,недорого","[3, 7, 8, 12, 18, 21]"
131,"новыйтелевизорLG,гарантия2года","[5, 9, 14, 16, 17, 25, 26]"
132,"куплювазудляцветов,стеклянную","[5, 9, 12, 16, 19]"
133,ищууборщицунавыходные,"[3, 7, 13]"
134,"сдамофис,20квадратов","[4, 8, 11, 18]"
135,"куплюконькиженские,размер37","[5, 9, 11, 18, 19, 25]"
136,ищупереводчикасанглийского,"[3, 10, 14, 18, 22]"
137,"новыйутюгPhilips,гарантия","[5, 9, 13, 16, 17]"
138,"куплюнаушники,беспроводные","[5, 9, 13, 17, 23]"
139,"ищуплиточника,ремонтванной","[3, 7, 9, 13, 14, 20]"
140,"сдамгараж,ключинаруках","[4, 9, 10, 14, 17]"
141,"куплюноутбук,недорого,срочно","[5, 12, 15, 21, 22]"
142,ищугрузчиковназавтра,"[3, 7, 11, 14]"
143,"новыйроутерXiaomi,вайфай6","[5, 7, 11, 15, 17, 18, 24]"
144,"куплюколонки5.1,мощные","[5, 12, 13, 15, 16]"
145,"ищуэлектрика,розеткиискрят!","[3, 7, 11, 13, 20, 24]"
146,"сдамдачунанеделю,естьбаня","[4, 8, 10, 16, 17, 21]"
147,"куплюмиксеркухонный,брендовый","[5, 9, 11, 19, 20, 25]"
148,ищуфотографанамероприятие,"[3, 7, 11, 14, 18, 22]"
149,новаямультиваркаRedmond,"[5, 10, 14, 16, 19]"
150,"куплючайникэлектрический,новый","[5, 11, 24, 25]"
151,"ищупылесос,моющий","[3, 10, 13]"
152,"сдамкладовку,центргорода","[4, 8, 13, 18]"
153,куплюкамерувидеонаблюдения,"[5, 11, 16]"
154,"ищуняню,графикгибкий","[3, 7, 8, 12, 14]"
155,"новыйсмартфон,запечатанный","[5, 6, 10, 21, 25]"
156,куплючемоданнаколёсах,"[5, 10, 14]"
157,ищупарикмахеранадом,"[3, 8, 10, 14, 18]"
158,"сдамсклад,50метров","[4, 9, 12]"
159,"куплюпроектор,дляфильмов","[5, 11, 17, 22]"
160,ищугитариставгруппу,"[3, 7, 9, 13]"
161,новыйкухонныйкомбайн,"[5, 13]"
162,"куплюдиван,тканьсерая","[5, 10, 11, 16]"
163,ищуплитуэлектрическую,"[3, 8]"
164,"сдамстудиювцентре,уютная","[4, 10, 11, 16, 18]"
165,куплюмясорубкуручную,"[5, 9, 14]"
166,ищушеф-поваравресторан,"[7, 12, 14]"
167,новыйматрасортопедический,"[5, 11, 18, 21]"
168,"куплютренажёр,вело","[5, 6, 10, 14]"
169,"ищуадвоката,консультация","[3, 10, 12, 18, 20]"
170,"сдамофис,арендапомесячно","[4, 8, 9, 15]"
171,куплюкартинумаслом,"[5, 12]"
172,ищубухгалтеранаполставки,"[3, 6, 10, 11, 15, 18]"
173,новаяпечьмикроволновая,"[5, 9, 11, 15, 17]"
174,куплюлодкурезиновую,"[5, 10, 14]"
175,"ищулогопеда,занятиядома","[3, 7, 12, 17, 19]"
176,"сдамквартиру,ремонтсвежий","[4, 12, 13, 19]"
177,"ищумебельщика,кухняподзаказ","[3, 9, 13, 14, 19, 22]"
178,новыйкулердляводы,"[5, 10, 13]"
179,куплюстолскладной,"[5, 9, 11, 16]"
180,"ищуводителя,ночныесмены","[3, 8, 12, 18]"
181,"сдамквартиру,толькорусским","[4, 12, 13, 19]"
182,куплюплатьевечернее,"[5, 11, 16]"
183,"ищухирурга,консультациясрочно","[3, 9, 11, 17, 19, 23]"
184,новыйфильтрдляводы,"[5, 11, 14]"
185,куплюкреслоофисное,"[5, 11, 15]"
186,ищумассажистанадом,"[3, 9, 13, 17]"
187,сдампомещениеподсклад,"[4, 13, 16]"
188,куплютелефонOppo,"[5, 12]"
189,"ищупсихолога,опытобязателен","[3, 7, 13, 17, 22, 26]"
190,новаяколонкаJBL,"[5, 12]"
191,куплюджинсыLevi’s,"[5, 11, 15]"
192,"ищудомработницу,центр","[2, 6, 11, 15, 16]"
193,"сдамдом,участок6соток","[4, 9, 14, 16]"
194,куплюконструкторLego,"[5, 16]"
195,ищухудожникадляпортрета,"[3, 7, 8, 12, 15, 19]"
196,"новыйблендер,гарантия","[5, 12, 13]"
197,"куплювидеокамеру,недорого","[5, 10, 16, 19]"
198,ищурепетиторапохимии,"[5, 9, 13, 15]"
199,"сдамдачу,лесрядом","[4, 8, 12]"
200,куплюзимниешины,"[5, 11]"
201,ищугидапоМоскве,"[3, 7, 9]"
202,новаялюстрапотолочная,"[5, 11, 15, 16]"
203,"куплюковёр,шерстяной","[5, 10, 12, 16]"
204,ищуарендугаража,"[3, 9]"
205,сдамквартирусбалконом,"[4, 12, 13, 19]"
206,куплюудочкудлярыбалки,"[5, 11, 14, 18]"
207,"ищукомпозитора,музыка","[2, 6, 10, 14, 15]"
208,"новыйтостер,черный","[5, 9, 12]"
209,куплюстоловыеприборы,"[5, 9, 13]"
210,ищуинженерапоремонту,"[5, 9, 10, 13, 19]"
211,"сдампарковку,центр","[4, 8, 13]"
212,куплюрезинузимнюю,"[5, 11]"
213,ищуактерадлясъемок,"[3, 8, 12]"
214,новаяплитаэлектрическая,"[5, 10]"
215,куплювидеокартуRTX,"[5, 10, 15]"
216,"ищуюриста,оформлениедоговора","[3, 8, 11, 15, 19, 20, 24]"
217,"сдамсклад,сухоепомещение","[4, 9, 10, 15]"
218,куплюкомодбелый,"[5, 10]"
219,"ищуплиточника,срочно","[3, 7, 9, 13, 14]"
220,новаялампанастольная,"[5, 10, 12, 17]"
221,"куплюскейтборд,новый","[5, 6, 10, 14, 15]"
222,сдамкомнатусремонтом,"[4, 11, 12, 18]"
223,куплюроутерTP-Link,"[5, 7, 11, 13, 14]"
224,ищупарнядлясъёмок,"[3, 8, 11]"
225,"новыйковёр,мягкий","[5, 10, 11]"
226,куплючасыCasio,"[5, 9]"
227,ищупоставщикаовощей,"[3, 7, 9, 13]"
228,"сдамстудию,центргорода","[4, 10, 11, 16]"
229,куплюпылесосмоющий,"[5, 12, 14]"
230,ищудизайнераинтерьера,"[3, 9, 10, 14, 20]"
231,"новыйхолодильник,белый","[5, 10, 17]"
232,"ищуняню,полныйдень","[3, 7, 8, 14]"
233,сдамквартирустехникой,"[4, 12, 16, 20]"
234,куплюплитугазовую,"[5, 10]"
235,ищуврачакардиолога,"[3, 8, 12, 14]"
236,новыйчайникэлектрический,"[5, 11]"
237,куплюстульядеревянные,"[5, 9, 10, 14, 17]"
238,ищуповаравкафе,"[3, 8, 10]"
239,сдамдомнамесяц,"[4, 9]"
240,куплюавтомобильбу,"[5, 9, 13]"
241,ищупрограммистаpython,"[3, 11, 15]"
242,новаяпосудомойкаBosch,"[5, 9, 14, 16]"
243,куплюкамеруCanon,"[5, 11]"
244,ищуработубариста,"[3, 9]"
245,"сдамстудию,срочно","[4, 10, 11]"
246,куплюайфон15про,"[5, 10, 12]"
247,сдамквартирувцентре,"[4, 12, 13]"
248,ищуработупрограммистом,"[3, 9, 17, 18]"
249,новаямебельвналичии,"[5, 11, 12]"
250,куплютелевизорSamsung,"[5, 9, 14, 17]"
251,ищутаксидоаэропорта,"[4, 6, 10]"
252,срочноотдамкотенка,"[6, 11]"
253,куплюхолодильникбу,"[5, 16]"
254,сдаюдачусбаней,"[4, 8, 9, 13]"
255,куплювелосипедновый,"[5, 14]"
256,ищустудиюбезмебели,"[3, 9, 12]"
257,сдамкомнатунамесяц,"[4, 11, 13]"
258,куплюмониторSamsung,"[5, 12, 15]"
259,ищусобакухаски,"[3, 9]"
260,новаякурткадоставказавтра,"[5, 11, 19]"
261,куплютелевизорLG,"[5, 9, 14]"
262,ищуучителяиспанского,"[3, 10, 15, 16]"
263,сдамгаражсрочно,"[4, 9]"
264,куплюноутбукLenovo,"[5, 12]"
265,ищуквартирупосуточно,"[3, 11, 15]"
266,новыйстолистулья,"[5, 9, 10]"
267,куплютелефонPixel,"[5, 12]"
268,ищуврачастоматолога,"[3, 7, 9, 13, 17]"
269,сдаюофисваренду,"[4, 8, 9]"
270,куплюгитаруGibson,"[5, 11]"
271,ищуработукурьером,"[3, 9, 15]"
272,новыйноутбукMSI,"[5, 12]"
273,куплюмикроволновкуLG,"[5, 10, 14, 18]"
274,ищудевушкудляпрогулок,"[3, 10, 13]"
275,сдамскладнедорого,"[4, 9, 11]"
276,куплюайпадбу,"[5, 10]"
277,ищусобакутаксу,"[3, 9]"
278,куплюкомпьютерMac,"[5, 14]"
279,ищурепетиторапофизике,"[5, 9, 13, 15]"
280,сдамквартирупосуточно,"[4, 12, 16]"
281,куплюдиванкожаный,"[5, 10, 14]"
282,ищуработудизайнером,"[3, 9, 15]"
283,новыйхолодильникдоставка,"[5, 16]"
284,куплютелевизорOLED,"[5, 9, 14]"
285,ищустудиюсремонтом,"[3, 9, 10, 16]"
286,сдамкомнатубезмебели,"[4, 11, 14]"
287,куплюпылесосXiaomi,"[5, 12, 16]"
288,ищурепетиторапорусскому,"[5, 9, 13, 17, 19]"
289,новаямебельназаказ,"[5, 11, 13]"
290,куплюнаушникиSony,"[5, 9, 13]"
291,ищумастерапомебели,"[3, 9, 12]"
292,сдамдачуналето,"[4, 8, 10]"
293,ищуработутестировщиком,"[3, 9, 13, 17]"
294,новыйтелефонHonor,"[5, 12]"
295,куплюматрасбу,"[5, 11]"
296,ищусобакубигля,"[3, 9, 13]"
297,сдамгаражвцентре,"[4, 9, 10]"
298,куплюноутбукAcer,"[5, 12]"
299,ищустудиюнадлительныйсрок,"[3, 9, 11, 21]"
300,новыйдиванвналичии,"[5, 10, 11]"
301,куплюстолобеденный,"[5, 9, 13, 14]"
302,ищуврачатерапевта,"[3, 8]"
303,сдаюквартирусремонтом,"[4, 12, 13, 19]"
304,куплюмиксерBosch,"[5, 9, 11]"
305,ищуподработкувечером,"[3, 6, 11, 13]"
306,новаякурткамужская,"[5, 11]"
307,куплютелевизорJVC,"[5, 9, 14]"
308,ищурепетиторапоинформатике,"[5, 9, 13, 17, 22]"
309,сдамдомуморя,"[4, 8]"
310,куплюпланшетHuawei,"[5, 9, 12, 13]"
311,ищуработуменеджером,"[3, 9, 13]"
312,новыйноутбукDell,"[5, 12]"
313,куплюкреслокомпьютерное,"[5, 11, 14, 18, 22]"
314,ищусобакуджекрассел,"[3, 9, 13]"
315,сдамстудиюбезпосредников,"[4, 10, 13, 22]"
316,куплювелосипедGiant,"[5, 14]"
317,ищуврачахирурга,"[3, 8, 14]"
318,новыйпылесосдоставка,"[5, 12]"
319,куплюайфон13,"[5, 10]"
320,сдамкомнатудлядевушки,"[4, 11, 14]"
321,куплюхолодильникновый,"[5, 16]"
322,ищуработуводителем,"[3, 9, 13, 17]"
323,новыйдиванугловой,"[5, 10, 15]"
324,ищустудиюсмебелью,"[3, 9, 10, 16]"
325,сдамдачунедорого,"[4, 8, 10]"
326,куплюмикроволновкубу,"[5, 10, 14, 16]"
327,ищусобакупуделя,"[3, 9]"
328,новыйтелевизорTCL,"[5, 9, 14]"
329,куплюноутбукAsus,"[5, 12]"
330,ищуучителяфранцузского,"[3, 10, 15, 18]"
331,ищурепетиторапоалгебре,"[5, 9, 13, 15]"
332,новаякухнявналичии,"[5, 10, 11]"
333,куплюкомпьютерDell,"[5, 14]"
334,ищуработупродавцом,"[3, 9, 10, 14]"
335,куплютелевизорSharp,"[5, 9, 14]"
336,ищусобакулайку,"[3, 9, 13]"
337,продамдиванбу,"[1, 5, 7, 11]"
338,2024год,[4]
339,ищуработупрограммистомудаленно,"[3, 9, 17, 19, 23, 24, 28]"
340,"холодильниксломался,помогитесрочно","[5, 8, 12, 17, 20, 28]"
341,АВТОМОЙКАРЯДОМ,"[4, 9]"
342,телевизорLG55,"[4, 9]"
343,МоскваIkeaдоставка,"[6, 10]"
344,срочноищуквартирууметро,"[6, 9, 17, 18]"
345,"ноутбукневключается,чтоделать?","[7, 10, 14, 20, 23, 29]"
346,новыйстолIkeaдоставка,"[5, 9, 13]"
347,продаюкошкувхорошиеруки,"[6, 11, 12, 19]"
348,Windows11незапускается,"[4, 9, 13, 20]"
349,продаюPlaystation5почтиновая,"[6, 10, 17, 18, 23]"
350,квартирасремонтомимебелью,"[8, 9, 15, 18, 24]"
351,"Avitoнеоткрывается,помогите","[1, 5, 7, 16, 19]"
352,хочукупитьвелосипедбу,"[4, 10, 19]"
353,ищурепетиторапоматематике,"[5, 9, 13, 17, 21]"
354,сушидоставканочью,"[4, 12]"
355,нужнапомощьвпереездесрочно,"[5, 11, 12, 16, 20]"
356,айфон14промакс,"[5, 7, 10]"
357,ищуключиотмашины,"[3, 7, 10]"
358,Сбербанкнеработаетбанкомат,"[4, 8, 10, 18, 22]"
359,продаюкомодбуторг,"[6, 11, 13]"
360,куплюцветырозытюльпаны,"[5, 10, 14]"
361,хочузаказатьтаксиваэропорт,"[4, 8, 12, 17, 18]"
362,ищудомвдеревненалето,"[7, 14, 16]"
363,куплюноутбукдляигр,"[5, 12]"
364,отдамдаромстарыйшкаф,"[5, 10, 16]"
365,ищумастерапоремонтуноутбуков,"[3, 9, 12, 18, 19, 23]"
366,автосервиспоблизости,"[4, 10]"
367,продаюiPhoneXR,"[1, 5, 7, 12]"
368,ищуквартирувМосквенедорого,"[3, 11, 12, 16, 20]"
369,собакапотеряласьнаулице,"[6, 14, 18]"
370,ищуработуофициантомвечером,"[3, 9, 17, 19]"
371,подарюкотенкахорошимлюдям,"[6, 13, 20]"
372,SamsungA54новый,"[3, 7, 10]"
373,квартирастудиядолгосрочно,"[8, 14, 19]"
374,ИвановИванСергеевич,"[4, 6, 10, 13, 17]"
375,ищуавтозапчастинаВАЗ,"[3, 7, 10, 15, 17, 19]"
376,сломалсяпылесосSamsung,"[8, 15, 18]"
377,срочнонуженмастер-сантехник,"[6, 11, 17, 21]"
378,ищудешевыеавиабилеты,"[3, 10, 14]"
379,куплюбилетывтеатр,"[5, 10, 12]"
380,новыйхолодильникдешево,"[5, 16]"
381,iPhone15Pro,"[1, 6]"
382,ремонтобувирядом,"[6, 11]"
383,сдамкомнатустуденту,"[4, 11, 18]"
384,хочузаказатьсуши!,"[4, 8, 12, 16]"
385,"ноутбукзависаетчасто,чтоделать","[7, 15, 20, 24]"
386,ЯндексЕданеработает,"[2, 6, 7, 11]"
387,ищузапчастинаВАЗ2107,"[3, 6, 11, 13, 15]"
388,ремонтiPhoneбыстро,"[6, 7, 12]"
389,хочукупитьсамокатребенку,"[4, 10, 14, 17]"
390,ищурепетиторапоанглийскому,"[5, 9, 13, 15, 19, 22]"
391,сдаюквартирупосуточно,"[4, 12, 16]"
392,доставкаедыМосква,"[2, 6, 11]"
393,продамкурткубу,"[6, 10]"
394,куплюколесазима,"[5, 11]"
395,ремонткомпьютеровнедорого,"[6, 15, 19]"
396,продаюстулIkea,"[6, 10]"
397,автостеклозамена,"[4, 10]"
398,нуженмастерпомебели,"[5, 11, 13]"
399,куплюдетскуюколяску,"[5, 12]"
400,продаюXboxSeriesS,"[6, 10, 16]"
401,хочукупитьмороженое,"[4, 10]"
402,ремонтiPhoneМосква,"[6, 7, 12]"
403,хочукофелатте,"[4, 8]"
404,"IKEAзакрылась,чтоделать?","[4, 10, 14, 17, 23]"
405,ищуподругудляобщения,"[5, 9, 13]"
406,срочнонуженрепетитор,"[6, 11, 15, 19]"
407,"потерялпаспорт,помогите","[7, 14, 15]"
408,куплюдетскиевещи,"[5, 12]"
409,ремонтiPhoneсрочно,"[6, 7, 12]"
410,ищуавтоспробегом,"[3, 7, 11]"
411,куплюiPhone12,"[5, 6, 11]"
412,новыйдивандоставка,"[5, 10]"
413,квартирасремонтомнедорого,"[8, 9, 15, 19]"
414,хочукупитьтелевизорSamsung,"[4, 10, 14, 19, 22]"
415,срочнопродаювелосипедбу,"[6, 12, 21]"
416,ищустудентадляпомощи,"[3, 10, 14]"
417,МоскваСбербанкбанкомат,"[6, 10, 14, 18]"
418,ищумебельбунедорого,"[3, 9, 13]"
419,ноутбукAsusROG,"[7, 11]"
420,хочузаказатьпиццу,"[4, 8, 12]"
421,сдаюквартирунамесяц,"[4, 12, 14]"
422,ищудешёвыйтелефон,"[3, 10]"
423,продаммониторбу,"[6, 13]"
424,ищуспециалистапоремонту,"[3, 7, 9, 13, 16, 22]"
425,куплюгитарунедорого,"[5, 9, 13]"
426,ищукнигупоистории,"[3, 8, 10]"
427,старыйтелевизорработает,"[6, 10, 15]"
428,куплюсамокатдетский,"[5, 9, 12]"
429,"ищусобаку,пропала","[3, 9, 10]"
430,Аятанцуюпьяныйподдождём,"[2, 8, 12, 13, 16, 19]"
431,"Курилитолькосиги,есличё","[6, 12, 16, 17, 21]"
432,Нашобразжизнистанетпалачом,"[3, 8, 13, 19, 24]"
433,Нискольконежалеюниочём,"[3, 7, 11, 16, 18]"
434,"Грустно,когдарасписанывсемаршруты","[7, 8, 13, 22, 26, 28, 32]"
435,Когданачасахважныминуты,"[5, 7, 11, 12, 17, 22]"
436,Ивсенасветесталокак-тоскучноиглупо,"[2, 6, 11, 16, 22, 28, 29]"
437,"Мояшизазнает,когданажатьнаплей","[3, 7, 12, 13, 18, 24, 26]"
438,"Неждименяродная,закрывайназамокдверь","[5, 9, 10, 14, 16, 22, 26, 31]"
439,"Утродоброе,держименяфонарь","[4, 10, 11, 16, 20]"
440,"Очкитёмные,спрячьтемнеглаза","[4, 10, 11, 17, 22]"
441,"Солнцеяркое,прошусогрейменя","[6, 10, 12, 17, 19, 23]"
442,"Быловесело,ноябнеповторял","[4, 10, 13, 17]"
443,Якалендарьперевернул,"[2, 6, 10, 14]"
444,Исноватретьесентября,"[1, 6, 12]"
445,Нафотоятвоёвзгляну,"[2, 6, 7, 11]"
446,"Нопочему,нопочему","[2, 8, 11]"
447,Расстатьсявсёженампришлось?,"[3, 8, 13, 17, 18, 24]"
448,Ведьбыловсёунасвсерьёз,"[4, 8, 11, 15]"
449,Второгосентября,[7]
450,Журавлейбелыйклин,"[4, 8, 13]"
451,Твоядочьимойсын—,"[4, 8, 12]"
452,Всехотяттеплотыиласки,"[4, 8, 13, 16]"
453,"Мывлюбовь,каквигру,","[3, 9, 14, 18]"
454,Нахолодномветру,"[2, 5, 10]"
455,Поигралистобой,"[2, 6, 9]"
456,Нопришёлсамсобой,"[2, 8, 11]"
457,"Выцветшаятень,выжженнаяна","[2, 6, 9, 13, 14, 20, 24]"
458,Городскомландшафтеменязовёт,"[5, 9, 13, 17, 18, 22]"
459,Окнаянтарёмлижутмнеглаза,"[4, 11, 16, 19]"
460,Кровьислепотаволокутвперёд,"[5, 6, 9, 13, 20]"
461,Лёгкиеопухли,[6]
462,Амороксквозьтолпу,"[4, 6, 12]"
463,"Манит,игнорируяменя","[5, 6, 15]"
464,Толькобыдогнал,"[6, 8]"
465,Яегопочтидогнал,"[4, 9]"
466,Телоисполняетсяогня,"[4, 15]"
467,"Сердцелупитмневгрудь,каквгонг","[6, 10, 15, 20, 25]"
468,Расползаясьпососудамраскатами,"[3, 7, 12, 15, 19, 21, 25]"
469,Ветхийгородприменяетзакон,"[6, 11, 14, 18, 20]"
470,Чтобыдваблизнецаоказалисьразъятыми,"[5, 8, 15, 17, 21, 25, 30]"
471,"Ядавлюсь,изрыгаяогонь","[1, 6, 9, 16]"
472,Глоткамивоздуха,"[4, 8]"
473,Наальвеолахраспятыми,"[3, 7, 9, 13, 17]"
474,Вэтомстробоскопическомкино,"[1, 5, 9, 14, 19, 22]"
475,Длядостижениярубежа,"[3, 13]"
476,"Мненехватаетдыхания,но","[1, 5, 12, 19]"
477,Япродолжаючтоестьмочибежать,"[1, 10, 13, 17, 21]"
478,Толькоменябеспокоитодно,"[6, 10, 19]"
479,Лёгкиебудтопоеларжа,"[6, 11, 16]"
480,Япродолжаюзанимбежать,"[1, 10, 15]"
481,"Яананас,ятакойжекакон","[2, 6, 9, 14, 17]"
482,Колючийвнутриисовсехсторон,"[7, 13, 16, 20]"
483,Нешутисомной,"[2, 6, 8]"
484,Ятропическийлев,"[1, 12]"
485,АркадийУкупник—кусающийлжец,"[7, 15, 19, 23]"
486,"Тот,ктовпятнадцатьлетубежализдома,","[4, 8, 13, 18, 22, 27, 29, 33]"
487,"Врядлипойметтого,ктоучилсявспецшколе.","[4, 6, 12, 16, 17, 20, 24, 27, 31, 36]"
488,"Тот,укогоестьхорошийжизненныйплан,","[5, 9, 13, 20, 29, 33]"
489,Врядлибудетдуматьочем-тодругом.,"[4, 6, 11, 13, 17, 18, 24, 28]"
490,"Мыпьемчайвстарыхквартирах,","[2, 6, 10, 16, 24]"
491,"Ждемлетавстарыхквартирах,","[4, 8, 9, 15, 23]"
492,"Встарыхквартирах,гдеестьсвет,","[1, 7, 15, 20, 24, 28]"
493,"Газ,телефон,горячаявода,","[4, 11, 12, 19, 23]"
494,"Радиоточка,пол-паркет,","[4, 5, 10, 15, 19]"
495,"Санузелраздельный,домкирпичный,","[3, 7, 10, 14, 18, 21, 27]"
496,"Однасемья,двесемьи,трисемьи...","[4, 9, 13, 18, 22, 27]"
497,"Многоподсобныхпомещений,","[5, 14, 21]"
498,"Первыйипоследний-непредлагать,","[6, 7, 12, 19, 23, 24, 28]"
499,"Рядомсметро,центр...","[5, 6, 11, 12, 17]"
500,"Всеговорят,чтомыв-месте...","[5, 9, 13, 18, 23]"
501,"Всеговорят,нонемногиезнают,вкаком.","[5, 11, 15, 21, 25, 28, 33]"
502,Аизнашихтрубидетнеобычныйдым.,"[3, 8, 12, 16, 18, 25]"
503,Стой!Опаснаязона!Работамозга!..,"[4, 5, 12, 16, 17, 23, 27]"
504,Пожалуйстанеумирай,"[7, 11, 13, 17]"
505,Илимнепридетсятоже,"[6, 14]"
506,Тыконечносразуврай,"[2, 9, 14, 15]"
507,Аянедумаючтотоже,"[4, 9, 12]"
508,Хочешьсладкихапельсинов,"[6, 13]"
509,Хочешьвслухрассказдлинный,"[6, 11, 18]"
510,Хочешьявзорвувсезвезды,"[6, 7, 13, 16]"
511,Чтомешаютспать,"[3, 9]"
512,Пожалуйстатолькоживи,"[10, 16]"
513,Тыжевидишьяживутобою,"[4, 10, 11, 15]"
514,Моейогромнойлюбви,"[4, 8, 12]"
515,Хватитнамдвоимсголовою,"[6, 9, 14, 15, 20]"
516,Хочешьмореспарусами,"[6, 10, 11, 15]"
517,Хочешьмузыкновыхсамых,"[6, 10, 11, 16]"
518,Хочешьяубьюсоседей,"[6, 7, 11, 16]"
519,Хочешьсолнцевместолампы,"[6, 12, 18]"
520,ХочешьзаокошкомАльпы,"[6, 8, 14, 15]"
521,Хочешьяотдамвсепесни,"[6, 7, 12, 15]"
522,Протебяотдамвсепесни,"[3, 7, 12, 15]"
523,"Яискалатебягодамидолгими,","[1, 7, 11, 15, 17, 21]"
524,Искалатебядворамитемными.,"[6, 10, 14, 18, 20, 24]"
525,"Вжурналах,вкино,средидрузей.","[1, 7, 11, 15, 16, 21, 27]"
526,"Вдень,когданашла,сумасошла.","[1, 5, 6, 11, 16, 17, 21, 26]"
527,"Ты,совсемкаквосне,","[3, 9]"
528,"Совсемкаквальбомах,","[6, 10, 16]"
529,Гдеярисовалатебягуашью.,"[4, 12, 16]"
530,"Дальшебылизвонки,ночныебольше.","[6, 10, 16, 17, 23, 29]"
531,"Слезы,нервы,любовьистрелкивПольше.","[4, 6, 11, 12, 18, 19, 24, 27, 31]"
532,"Дети,нонемои,старыезазнобы,","[4, 7, 11, 13, 19]"
533,"Куришькаждыепять,мыусталиоба.","[6, 12, 16, 20, 25]"
534,...годамидолгими.,"[3, 7, 9, 13]"
535,...ночамитемными.,"[3, 8, 9, 16]"
536,"Искалатебядворамитемными,","[6, 10, 14, 18, 20, 24]"
537,"Вжурналах,вкино,годамидолгими,","[1, 7, 11, 15, 16, 20, 22, 26]"
538,"Искалатебяночами,чами,чами,чами...","[6, 10, 15, 22, 26, 30]"
539,Большиегорода,"[4, 7]"
540,Пустыепоезда,"[6, 11]"
541,Нибереганидна,"[2, 7, 10]"
542,Всеначинатьсначала,"[3, 11]"
543,Холоднаявойна,"[3, 7, 8]"
544,Ивремякаквода,"[1, 6, 9]"
545,Оннесошелсума,"[4, 9]"
546,Тыничегонезнала,"[4, 8, 10]"
547,Полковникуниктонепишет,"[4, 6, 10, 15, 17]"
548,Полковниканиктонеждет,"[4, 6, 10, 15, 17]"
549,Налинииогня,"[2, 7]"
550,Пустыегорода,[6]
551,Вкоторыхникогда,"[1, 8, 10]"
552,Тыраньшенебывала,"[2, 8, 10]"
553,Ирвутсяпоезда,"[1, 7, 12]"
554,Натонкиеслова,"[2, 8]"
555,Ясижуисмотрювчужоенебоизчужогоокна,"[1, 5, 6, 12, 13, 18, 22, 24, 30]"
556,Иневижуниоднойзнакомойзвезды.,"[3, 7, 9, 14, 18, 22, 28]"
557,"Яходилповсемдорогамитуда,исюда,","[1, 6, 8, 12, 18, 20, 24, 26, 30]"
558,Обернулся-инесмогразглядетьследы.,"[9, 13, 17, 27, 32]"
559,"Ноеслиестьвкарманепачкасигарет,","[2, 6, 10, 11, 18, 23, 30]"
560,Значитвсенетакужплохонасегодняшнийдень.,"[6, 7, 11, 15, 16, 21, 23, 30, 34, 38]"
561,"Ибилетнасамолетссеребристымкрылом,","[1, 6, 8, 12, 16, 20, 24, 27, 32]"
562,"Что,взлетая,оставляетземлелишьтень.","[3, 6, 10, 12, 21, 26, 30, 34]"
563,"Иниктонехотелбытьвиноватымбезвина,","[1, 6, 8, 13, 17, 21, 25, 26, 29, 33]"
564,"Иниктонехотелрукамижарзагребать,","[1, 6, 8, 13, 19, 22, 26, 31]"
565,"Абезмузыкинамирусмертьнекрасна,","[4, 10, 14, 16, 22, 24, 30]"
566,Абезмузыкинехочетсяпропадать.,"[4, 10, 12, 17, 20, 24, 28]"
567,"Призрачновсевэтоммиребушующем,","[4, 8, 12, 13, 17, 21, 25]"
568,Естьтолькомиг-занегоидержись.,"[4, 10, 16, 20, 21, 26]"
569,"Естьтолькомигмеждупрошлымибудущим,-","[4, 10, 13, 18, 25, 26, 30]"
570,Именноонназываетсяжизнь.,"[6, 8, 18, 23]"
571,"Вечныйпокойсердцеврядлиобрадует,","[6, 11, 17, 21, 25, 31]"
572,Вечныйпокой-дляседыхпирамид.,"[6, 11, 15, 20, 24]"
573,"Адлязвезды,чтосорваласьипадает","[4, 10, 14, 23, 26]"
574,"Естьтолькомиг,ослепительныймиг.","[4, 10, 14, 19, 20, 24]"
575,"Пустьэтотмирвдальлетитсквозьстолетия,","[5, 9, 13, 17, 22, 28, 33]"
576,"Ноневсегдаподорогемнесним,","[4, 10, 14, 18, 21, 25]"
577,"Чемдорожу,чемрискуюнасветея?","[2, 5, 9, 13, 17, 21, 25]"
578,"Мигомодним,толькомигомодним.","[5, 10, 11, 17, 22, 27]"
579,Счастьеданоповстречатьильбедуеще,"[7, 11, 13, 20, 25, 29]"
580,Естьтолькомиг-занегоидержись!,"[4, 10, 16, 20, 21, 26]"
581,Волкиуходятвнебеса.,"[4, 6, 11, 12, 16]"
582,Горятхолодныеглаза.,"[5, 10, 13, 18]"
583,Приказаверитьвчудеса,"[6, 7, 13, 14]"
584,Непоступало.,"[2, 6, 10]"
585,"Икаждыйденьдругаяцель,","[1, 7, 11, 15, 17, 21]"
586,"Тостеныгор,тогорыстен","[4, 11, 15, 17]"
587,Иждётотчаянныхгостей,"[1, 5, 9, 10, 14]"
588,Чужаястая.,"[5, 9]"
589,"Спиной,",[6]
590,Кветруивсёже,"[1, 6, 7]"
591,Вырватьсяможет,[9]
592,Чья-тодуша.,"[2, 6, 10]"
593,"Спасёт,",[4]
594,Нонепоможет,"[4, 6]"
595,"Чувствуюкожей,","[8, 12]"
596,Пропащая.,[8]
597,"Непомнятслов,невидятснов","[2, 8, 12, 15, 20]"
598,Перерослисвоихотцов.,"[4, 9, 14, 19]"
599,"И,кажется,рукабойцов","[2, 9, 10, 14]"
600,Колотьустала.,"[6, 7, 11]"
601,Позорислававихкрови,"[5, 6, 11, 14]"
602,Хватаетсмертиилюбви,"[7, 13, 14]"
603,Носкольковолканекорми,"[2, 9, 13, 16]"
604,Емувсемало.,"[3, 7]"
605,"Волкиуходят,","[4, 6, 11]"
606,Волкиуходят...,"[4, 6, 11]"
607,"Всёизчегомоисомнениясотканы,тонко.","[5, 9, 12, 20, 25, 28, 33]"
608,"Какойчудесныйдень,мояструитсялень","[5, 13, 17, 21, 29]"
609,Награнипросветления,"[2, 7, 10, 14, 18]"
610,Сияетшамбалаинежитсядуша,"[5, 8, 12, 13, 20]"
611,Внирваневоскресения.,"[1, 8, 12, 14, 18]"
612,"О,каклегкомоивоспоминаниявыцвели","[5, 10, 13, 25, 28]"
613,Ктоятакойипочемусбиваютсямысли.,"[4, 9, 10, 16, 23, 25, 30]"
614,"Верхомназвезде,","[4, 9, 14]"
615,"Вцепившисьвлучи,","[1, 5, 10, 11, 15]"
616,Слунойнаповодке,"[1, 6, 8, 13]"
617,Вночи,[1]
618,Верхомназвезде,"[4, 9]"
619,"Несусьнавстречуветрам,","[4, 8, 15, 20]"
620,Кнесбывшейсямечте,"[4, 10, 12]"
621,Иснам,[1]
622,"О,жизнь,тыпрекрасна,","[2, 7, 10, 19]"
623,"О,жизнь,тыпрекраснавполне.","[2, 7, 10, 19, 25]"
624,Бываешьнемногоопасна.О-е.,"[7, 14, 20]"
625,"Возьмимоесердце,","[6, 9, 15]"
626,"Храни,вспоминайобомне,","[5, 7, 10, 14]"
627,"Поверьмне,чтовсененапрасно.","[6, 10, 14, 18, 26]"
628,"Надлесом,рекой,","[3, 8, 9, 14]"
629,Потеряннавсегда,"[5, 9]"
630,Покой.,[5]
631,Верхомназвезде.,"[4, 9, 14]"
632,Mitornodiaboloesta.,"[4, 10, 14, 18]"
633,Билетводинконец—,"[5, 6, 10, 15]"
634,Весна,[]
635,Исоздалэтотмир,"[1, 7, 11]"
636,Ясам,[]
637,Верьмне…,[4]
638,Ямаленькаялошадка,"[1, 10]"
639,Имнеживётсянесладко,"[4, 9, 11]"
640,Мнетруднонестимоюношу,"[3, 9, 14, 17]"
641,"Настанетдень,ияеёброшу","[2, 8, 12, 17]"
642,Ностоюоченьмногоденег,"[2, 6, 11, 16]"
643,Иявезусвоюбольшуюповозку,"[2, 6, 10, 14, 17]"
644,Стогонаэтотберег,"[1, 5, 7, 11]"
645,"Мнехочетсяплакать,мнехочетсясмеяться","[3, 8, 10, 17, 21, 26, 28]"
646,"Мнехочетсяпрыгать,валятьсяибрыкаться","[3, 8, 10, 17, 18, 24, 27]"
647,"Чтобыбылидрузьяили,хотябыодин","[5, 9, 15, 19, 23, 25]"
648,"Нояработаю,каквол,вмоейтележкекокаин","[3, 9, 13, 17, 19, 23, 27, 30]"
649,"Яумруоченьрано,иязнаюобэтом","[1, 5, 10, 14, 17, 21, 23]"
650,"Можетбытьневесной,можетбытьраннимлетом","[5, 9, 11, 17, 18, 23, 27, 33]"
651,"Ялюблюслушатьпесни,икостранюхатьдым","[1, 6, 13, 18, 20, 26, 32]"
652,"Нонельзямнеотвлекаться,явезукокаин","[2, 8, 11, 20, 24, 28]"
653,"Яусталаужасно,яхочуотдохнуть","[2, 7, 13, 15, 19]"
654,Съестьмешковдесятьсенаинадолгоуснуть,"[2, 6, 12, 18, 22, 23, 27, 30]"
655,Яхочукперелётнымптицамвклинитьсявклин,"[1, 5, 6, 10, 12, 16, 20, 23, 26, 30, 33]"
656,"Ноработаважней,заспинойкокаин","[4, 8, 14, 17, 23]"
657,"Мнепротивноитрудно,нонельзяотступить","[3, 9, 12, 18, 21, 27, 32]"
658,"Хотьихочетсяесть,хотьихочетсяпить","[4, 5, 10, 12, 16, 17, 21, 22, 27, 29]"
659,Мыкогда-нибудьзаэтовадскомпламенисгорим,"[2, 7, 10, 14, 16, 20, 26, 33]"
660,"Новсёэтопотом,авданныймоменткокаин","[8, 13, 16, 22, 28]"
661,"Мнеобидно,икапаютслёзы","[3, 7, 8, 11, 17]"
662,Когдамнеподногикидаютрозы,"[5, 9, 13, 17, 21]"
663,Когдалюдинаулицахивокнахквартир,"[5, 9, 12, 16, 19, 23, 24]"
664,Менявстречаютиустраиваютпирнавесьмир,"[4, 11, 14, 23, 25, 29, 33]"
665,Мнерадыдажемалыедети,"[3, 7, 11, 15, 16]"
666,Мнемашутдажедеревьевветви,"[3, 8, 12, 20]"
667,"Меняприветствуютвсе,все,какодин","[4, 10, 11, 15, 20, 24, 27]"
668,Япривезлаимновыймир,"[1, 9, 11, 16]"
669,Япривезлакокаин,"[1, 9]"
670,ВпиласьзанозойвсердцемоестрелаКупидона,"[1, 5, 7, 14, 15, 21, 24, 30, 34]"
671,Хочетсявытащитьиникогданедуматьобэтом,"[5, 7, 15, 18, 23, 27, 31, 33]"
672,Больнестерпимаимнедосихпорбыланезнакома,"[4, 6, 10, 14, 18, 23, 26, 30, 32, 36]"
673,Солнцебезжалостновыжглоглазасвоимяркимсветом,"[6, 7, 11, 15, 19, 23, 28, 32, 33, 38, 42]"
674,"Однаонаповсюду,гдебынескрылсяя","[4, 7, 14, 19, 22, 27]"
675,Вовсехглазахилицахтолькооднаона,"[2, 6, 10, 13, 17, 18, 24, 28]"
676,"Большенетместа,гдебыямогзализыватьраны","[6, 9, 14, 21, 26, 30, 34]"
677,Крыльяразбитыителомоевовластигангрены,"[6, 12, 14, 18, 23, 29, 33]"
678,"Силбольшенет,нетсна,лишьстрахпостоянный","[3, 9, 13, 17, 20, 24, 29, 33, 35]"
679,Лишьголоствойвмоейголовеибелыестены,"[4, 9, 13, 14, 18, 24, 25, 30]"
680,Лишьоднаона,"[4, 8]"
681,ВпилосьзанозойвсердцемоестрелаКупидона,"[3, 7, 14, 15, 21, 24, 30, 34]"
682,Злобныйуродецникакнеоставитвпокое,"[7, 11, 13, 18, 21, 27, 28]"
683,"Пустьбудетбольно,силынайдуивыдернускорнем","[5, 10, 14, 17, 21, 26, 29, 33, 35]"
684,"Новаяжизнь.Нужнопонять,чтоэтотакое","[5, 10, 11, 16, 22, 26, 30]"
685,Лишьона,[4]
686,Жизньиногдавыпускаетжало,"[5, 11, 17, 20]"
687,"Стираяпрошлое,словновирус","[6, 12, 14, 20]"
688,Икхоккеистуженасбежала,"[3, 7, 11, 15]"
689,Инаработеполнешийминус,"[3, 9, 14, 17]"
690,Нонашгерой–несдаётся,"[4, 5, 10, 14, 18]"
691,"Слезыутри,","[5, 9]"
692,Пожизниидётисмеётся,"[2, 7, 11, 12]"
693,"Вотон,смотри",[6]
694,Онсамыйсчастливыйизнас,"[2, 7, 15]"
695,Избранныйнебесами,"[4, 8, 9, 13]"
696,ОнВам–нестарыйбаркас,"[2, 5, 8, 14, 18]"
697,Афрегатспарусами,"[1, 7, 8, 12]"
698,Вчёмжепричинатогда?,"[3, 6, 13, 18]"
699,Триобычныестрочки,"[3, 10, 13]"
700,Ждутегодомавсегда,"[4, 7, 11]"
701,Егопапиныдочки,"[3, 8, 10]"
702,Онпомогаетдобрымсоветом,"[2, 10, 14, 16, 21]"
703,Имудрымсловомонлечитдуши,"[1, 7, 11, 15, 20]"
704,"Навсевопросы,онзнаетответы","[5, 11, 15, 20, 25]"
705,"Всегдаподскажет,каксделатьлучше","[6, 9, 15, 19, 26]"
706,Ачтоегождётвпереди?,"[4, 7, 11, 17]"
707,Тамвсёнетакгладко,"[3, 6, 11]"
708,Новсёжеонпобедит,"[2, 7, 10, 14]"
709,Парень–загадка,"[6, 7]"
710,Поминутамосыпается,"[2, 7, 11, 14]"
711,Ожиданиеневозможного,"[8, 13, 18]"
712,Раннимутромпросыпается,"[6, 11]"
713,Отдвижениянеосторожного.,"[2, 10, 12, 21]"
714,Какмолчаниеледянойзимы,"[3, 11, 18]"
715,"Насзакуталонеизвестностью,","[3, 7, 12, 13, 21, 25]"
716,"Здесьтакдолгодругдругаискалимы,","[5, 8, 13, 17, 21, 22, 27]"
717,"И,конечно,пропалибезвести","[2, 9, 10, 16, 17, 20]"
718,Простится,[6]
719,"Нетусил,закрываю,","[4, 8, 16]"
720,"Яглазазакрываю,","[1, 6, 14]"
721,Сквозьтумануплываю,"[6, 11]"
722,Поаллеямстолицы,"[2, 7, 8, 12]"
723,Запотерейпотеря,"[2, 9]"
724,Игодаполетели,"[1, 5, 9]"
725,Задождямиметели,"[2, 7, 11]"
726,Перелетныептицы,"[4, 10]"
727,Тольконочьюнемогууснуть,"[6, 10, 13, 17]"
728,Странныйхолодвсердцепрячется,"[8, 13, 14, 20]"
729,Чтослучилось?–скажитемнекто-нибудь,"[4, 8, 12, 14, 19, 22, 27, 30]"
730,Толькоосеньвокномнерасплачется,"[6, 11, 12, 16, 17, 21, 22, 28]"
731,Вподоконникмойбьютсягорошины,"[1, 5, 10, 14, 18, 20, 24]"
732,"Тишину,разбиваявесельем,","[6, 11, 15, 19, 23]"
733,Умиралидавнопонемножкумы,"[1, 5, 7, 12, 22]"
734,"И,наверное,былоспасение","[2, 10, 11, 15, 19]"
735,Времясмотритспокойноспрезрением,"[5, 11, 12, 20, 21, 25, 27]"
736,Выменяужеверноневспомните,"[2, 6, 9, 14, 15, 18]"
737,Опоздавшееходитпрозрение,"[4, 10, 15, 18]"
738,Помоейгладковыбритойкомнате,"[2, 6, 12, 15, 20]"
739,Недосказаноинедослушенно,"[4, 11, 14, 18, 20]"
740,Сердцебьетсядругимивершинами,"[6, 12, 16, 18, 22, 24]"
741,"Значитвсебезнадежноразрушено,","[6, 7, 11, 12, 17, 21, 24, 28]"
742,"Нузачемже,зачемпоспешилимы","[2, 7, 10, 15, 22]"
743,"Помню,помнюякакмывстретилисьстобою","[5, 6, 11, 16, 19, 24, 28, 29]"
744,"Былконецдня,тыспросилауменясигареточку","[3, 8, 12, 15, 21, 23, 27, 32, 33]"
745,"Яподумал,чтозафигня","[3, 8, 10, 14]"
746,"Сигареткаосталасьвсегоодна,нуладнона...","[7, 10, 14, 17, 22, 26, 29, 34]"
747,Мыпрожилипятнадцатьлет,"[2, 5, 9, 14, 19]"
748,Новоттеперьтыушлатебянет.,"[4, 5, 11, 13, 17, 21]"
749,Нотыушлавсвоеморанжевомплаще,"[4, 8, 9, 13, 17, 20, 23]"
750,"Нутыдаешьвообще,нутыдаешьвообщеблин!","[4, 9, 15, 16, 20, 25, 31, 35]"
751,Нотыушлаинесказала:яскоровернусь,"[4, 8, 11, 17, 20, 25]"
752,"ЧёжетыделаешьЛюсь,как-жеябудуодин","[3, 6, 13, 18, 22, 25, 29]"
753,"Помню,помнюякакпоулицевесенний,","[5, 6, 11, 14, 17, 22, 26]"
754,"Ястобойгулял,мыкупилибанкупиваидвухлещей","[2, 7, 12, 15, 20, 21, 25, 26, 30, 31, 35]"
755,"Тыбыламолода-красива,","[2, 6, 11, 13, 20]"
756,Ипохожанаапельсинавсвоемновомплаще,"[1, 6, 9, 17, 19, 23, 24, 29]"
757,"Иялюбилтебякаксвою,вотитеперьотебеяпою!","[2, 7, 11, 14, 18, 23, 29, 30, 34]"
758,"Помню,помню,какядарилтебе,чтопопросишь","[5, 6, 11, 12, 16, 21, 25, 28, 31]"
759,"Нокакойжедуракябыл,если-бзнал,чтотыменябросишь","[2, 7, 9, 14, 19, 23, 25, 29, 30, 35, 39]"
760,"Сэкономилбы,иялюбилтебяобожал","[9, 14, 19, 23]"
761,"Нуатымневспинукинжал,охнесладкомне","[4, 9, 14, 20, 23, 31]"
762,"Япригрелнагрудизмею,вотитеперьотебеяпою!","[3, 7, 10, 15, 19, 24, 30, 31, 35]"
763,"Ясмотрюнатебя,","[1, 7, 9, 13]"
764,"Втелевизореты,аянадиване.","[1, 5, 8, 12, 14, 18, 24]"
765,"ВгородеNдожди,","[1, 6, 7, 8, 13]"
766,Замыкание+бах!ивсталитрамваи,"[9, 16, 21]"
767,Травмачерепно-мозговаямоялюбовь!,"[6, 11, 14, 18, 22, 25, 31]"
768,"По-по-понаконаплю,иктебедоплыву,долечу,доеду","[5, 10, 14, 20, 24, 26, 31, 34, 38, 39]"
769,"Рядомстобойпоселюсь,тыбудешьрадатакомусоседу!","[5, 6, 11, 12, 16, 19, 22, 28, 32, 34, 38, 43]"
770,"МыизРоссиинародпростой,ятесразускажуЗдорово!","[4, 8, 10, 15, 21, 26, 31, 36, 43]"
771,"АтыулыбнёшьсяискажешьмнеЯтакждалатебя,Вова!","[3, 13, 14, 21, 24, 25, 29, 33, 37, 38, 42]"
772,"Ятакждалатебя,Вова!","[4, 9, 13, 14, 18]"
773,"Втелевизореты,аянадиване","[1, 5, 8, 12, 14, 18]"
774,"ВгородеNзима,","[1, 6, 7, 8, 12]"
775,Скоровыходывсеивходызавалит,"[5, 10, 15, 19, 22, 26]"
776,"Нуяпридубезкрика,безшума,","[3, 8, 11, 15, 17, 20, 24]"
777,"Нунайдукакой-нибудьповод,","[2, 7, 12, 15, 19, 24]"
778,"СкажуНуздравствуй,Ума,","[5, 7, 17]"
779,"ОнаскажетНуздравствуй,Вова.","[3, 9, 11, 21, 22, 26]"
780,Нунадокак-тоотношениязавязывать,"[2, 6, 12, 21]"
781,ЯскажуНукактытутвообщеживаздорова-то?,"[1, 6, 9, 13, 16, 22, 26, 32, 36]"
782,"Онаскажет:'А,вообще,Володька,хреново!'","[3, 9, 13, 19, 20, 28, 29, 33]"
783,Иначнётрассказывать.,"[1, 7, 14, 15, 19]"
784,"Вот,-скажет,-вчера,кпримеру,приходилТарнтино","[5, 11, 13, 18, 21, 25, 28, 36, 40]"
785,"Нажрался,говорит,исталприставатькомне,здоровеннаядетина.","[8, 9, 16, 18, 22, 32, 38, 44, 45, 49, 53]"
786,ЯтогдаемутакстрогосказалаКвентин!,"[1, 6, 7, 11, 12, 18, 25, 32]"
787,"Может,тыконечно,говорит,инезаметил,","[5, 8, 15, 16, 23, 27, 34]"
788,"Новообще-тояждуВолодькуизРоссии,","[2, 8, 14, 15, 18, 25, 29]"
789,"Атебя,говорит,вообщезаходитьнепросили","[1, 5, 6, 13, 14, 20, 22, 28, 30, 36]"
790,"Воттакаябатва,прикинь?","[3, 8, 12, 15, 19]"
791,Бываетнедосмеха,"[6, 10]"
792,"Вобщем,былотруднобезтебя,Вован.","[1, 6, 7, 11, 17, 20, 24, 25, 29]"
793,"Хорошо,чтоприехал","[6, 9, 13]"
794,"Жил-былнасветеАнтонГородецкий,","[7, 9, 14, 19, 25]"
795,"Бросилажена,онгрустилнепо-детски.","[7, 11, 17, 21, 23, 32]"
796,Пришёлкколдунье:'Ану-канаколдуймне!',"[6, 7, 13, 18, 23, 25, 31]"
797,"'Легко,мойхороший,толькохлопнувладоши,","[1, 6, 10, 17, 18, 24, 28, 30, 34]"
798,"Иженавернётся,оттогоотвернётся,","[1, 5, 13, 16, 20, 22, 30]"
799,Ималенькаяжизньвнутринеёоборвётся.',"[1, 10, 15, 21, 24, 27, 31]"
800,Новдругналетелинаведьмутени,"[3, 7, 12, 13, 17, 21, 23]"
801,"Привидений,говорят:'Небыватьпреступленью'","[3, 7, 11, 18, 22, 28, 32, 34, 38]"
802,"Нучтожеты,чтотыпотупилавзор?","[3, 7, 10, 15, 19, 23, 27]"
803,"Сдавайся,ведьма–«НочнойДозор».","[1, 6, 9, 13, 17, 23, 28]"
804,"Итреснулмирнапополам,дымитразлом,","[1, 8, 13, 20, 23, 28, 32]"
805,"Ильётсякровь,идётвойнадобрасозлом.","[1, 7, 12, 13, 17, 22, 26, 29, 33]"
806,"Имеркнетсвет,вуглахпаукплетётузор,","[1, 8, 12, 14, 18, 19, 23, 29, 33]"
807,Потёмнымулицамлетит«ночнойдозор».,"[2, 8, 14, 19, 20, 26, 31]"
808,"ИпонялАнтоха,чтопоступилплохо,","[1, 6, 8, 12, 16, 24, 29]"
809,"Ито,чторазвелаегоколдунья,каклоха.","[5, 9, 10, 14, 17, 23, 26, 29, 33]"
810,"Носила«иного»вантоновомвзоре,","[2, 6, 7, 12, 15, 18, 23, 27]"
811,"Азначит,онбудетработатьв«дозоре».","[1, 7, 10, 15, 21, 25, 30]"
812,"Годыпрошли,Городецкийнетужит,","[4, 10, 11, 16, 21, 25]"
813,"Водочкуглушит,свампирамидружит.","[2, 7, 12, 15, 21, 24, 30]"
814,Начальникхороший–мудрейшийГесер,"[9, 16, 17, 21, 26, 29]"
815,Былзам.министромinUSSR.,"[3, 7, 11, 15, 18, 19, 22]"
816,"Новотвызывают,нужноехатьскорее,","[4, 5, 12, 14, 19, 24, 30]"
817,Вампир-парикмахерсподружкойсвоею,"[6, 7, 12, 16, 18, 27, 31]"
818,"Влоговоксебезаманилиподростка,","[1, 7, 8, 12, 16, 20, 23, 27]"
819,Решилипоужинатьподлоипросто.,"[5, 8, 12, 15, 20, 21, 27]"
820,"Антохауспел,завязаласьдрака,","[2, 6, 11, 16, 20, 23, 27]"
821,"Согромнымтрудом,новсёжубилвурдалака,","[1, 9, 15, 18, 22, 26, 29, 33]"
822,"Ножницамибылтяжелораненвбою,","[9, 12, 18, 23]"
823,"Присмертибыл,можносказатьнакраю.","[3, 9, 13, 18, 25, 27, 31]"
824,"НодобрыйГесереговылечилбыстро,","[2, 8, 10, 14, 18, 23, 29]"
825,"Ещебы,абыкогонеберутвзамминистры.","[6, 9, 13, 15, 19, 24, 31]"
826,"Адальше-бедазабедой,какпонотам:","[1, 7, 8, 12, 15, 19, 22, 25, 29]"
827,"Вороназалетелавтурбинусамолёта,","[6, 10, 14, 15, 18, 22, 26, 30]"
828,"Натеплоцентраличего-товзорвалось,","[2, 7, 12, 15, 19, 22, 26, 28, 32]"
829,"АСветавиновнавовсёмоказалась,","[1, 6, 10, 12, 15, 19, 28]"
830,"Но,встретивкрасавцаАнтона,влюбилась,","[2, 5, 10, 12, 16, 19, 24, 27, 32]"
831,Иразрушениеостановилось.,"[1, 11, 19, 23]"
832,НозлойЗавулониз«дозорадневного»,"[2, 6, 10, 14, 16, 22, 30]"
833,СделализсынаАнтона«иного».,"[6, 8, 12, 17, 19, 24]"
834,Икаксэтимсправитсянашгерой?,"[5, 9, 10, 14, 18, 21, 26]"
835,Всенапросмотркартинывторой!,"[1, 5, 13, 20, 26]"
836,"Вгазетахписали,чтотыуезжаешь,","[1, 8, 13, 15, 20, 28]"
837,"Чторейснеотменят,чторейснеотложат.","[3, 7, 11, 15, 20, 24, 28, 32]"
838,"Какие-толюдитебяокружают,","[5, 8, 12, 16, 24]"
839,"Аближе,чембыли-уженевозможно.","[1, 6, 10, 14, 16, 20, 23, 28]"
840,"Вкрасивыхжурналахсчитаютпунктиры,","[1, 9, 15, 17, 24, 29]"
841,Ая-доквартирывечернеесальто.,"[5, 13, 18, 21, 25]"
842,"Икривятсягубы,икофепротивен,","[1, 5, 9, 13, 15, 19, 25]"
843,"Иновоеутро,иновое'неттебя...'","[1, 6, 10, 12, 17, 21, 25]"
844,Япоасфальтушагаю,"[3, 10, 11, 15]"
845,"Стем,когосберечьнесмогу.","[4, 5, 9, 12, 16, 19, 23]"
846,"Доостановкитрамвая,","[2, 11, 18]"
847,Звенящегонабегу.,"[1, 5, 7, 11, 15]"
848,"Вгазетахписали,чтоты-идиотка,","[1, 8, 13, 15, 19, 21, 26]"
849,Вовсёмвиноватапроклятаяводка.,"[2, 6, 10, 14, 23, 28]"
850,"Ругаешьсяматом,ипесеннепишешь,","[4, 8, 10, 14, 16, 21, 23, 29]"
851,"Тебяокружаютнелюди,амыши.","[4, 12, 14, 18, 20, 24]"
852,Такоеневыдуматьдаженарошно.,"[5, 9, 11, 15, 19]"
853,"Аякаждыйвечерползудоквартиры,","[2, 8, 13, 17, 20, 28]"
854,"Иближе,чембыли-уженевозможно.","[1, 6, 10, 14, 16, 20, 23, 28]"
855,"Измученныйдорогой,явыбилсяизсил.","[7, 10, 17, 19, 24]"
856,Ивдомелесникаяночлегапопросил.,"[2, 6, 9, 13, 14, 21, 29]"
857,Сулыбкойдобродушнойстарикменявпустил.,"[1, 8, 13, 18, 19, 25, 29, 35]"
858,Ижестомдружелюбнымнаужинпригласил.,"[3, 7, 17, 20, 24, 33]"
859,"Будькакдома,путник,янивчёмнеоткажу,","[4, 7, 11, 12, 18, 19, 23, 26, 30, 34]"
860,"Янивчемнеоткажу,янивчёмнеоткажу!","[4, 9, 15, 16, 20, 23, 27, 31]"
861,"Множествоисторий,кольжелаешь,расскажу,","[1, 5, 6, 10, 11, 15, 17, 21, 28, 32, 37]"
862,"Кольжелаешь,расскажу,","[4, 11, 15, 20]"
863,"Кольжелаешь,расскажу!","[4, 11, 15, 20]"
864,"Наулицетемнело,сиделязастолом.","[2, 7, 14, 15, 20, 23, 27]"
865,"Лесниксиделнапротив,болталотом,осём.","[6, 11, 13, 19, 20, 26, 30]"
866,"Чтонетсредиживотныхустарикаврагов,","[1, 6, 11, 15, 19, 23, 27, 31]"
867,Чтонравитсяемуподкармливатьволков.,"[3, 11, 14, 17, 21, 23, 27, 31]"
868,Иволкисрединочизавылиподокном.,"[1, 6, 11, 15, 17, 21, 24, 28]"
869,Старикзаулыбалсяивдругпокинулдом.,"[6, 8, 16, 18, 22, 29]"
870,Новскоревозвратилсясружьёмнаперевес:,"[2, 8, 11, 15, 19, 20, 25, 28, 32]"
871,"'Друзьяхотятпокушать,пойдём,приятель,влес!'","[1, 7, 11, 14, 20, 21, 27, 28, 36]"
872,Яшёлксебедомой,"[1, 5, 9]"
873,Яшёлпомокрымлужам,"[4, 8, 12, 16]"
874,Поскользкоймостовой,"[3, 7, 11, 15]"
875,Ногамиснегутюжил,"[6, 10]"
876,Амокрыйснегпадал,"[1, 7, 11]"
877,Аяшёлдомой,[5]
878,Позимнемусаду,"[4, 5, 9]"
879,Попустоймостовой,"[4, 8, 12]"
880,Оншёлсомнойрядом,"[4, 7, 11]"
881,Шпионилзамной,"[5, 9]"
882,Следилзамнойвзглядом,"[4, 8, 12, 16]"
883,Бесшумныйконвой,"[4, 9]"
884,Ивотястою,"[1, 5]"
885,Накраюснегопада,"[2, 6, 7, 11]"
886,Снебападаетснег,"[1, 5, 11]"
887,Значитнебутакнадо,"[6, 10, 13]"
888,Вэтотрудноповерить,"[1, 5, 10]"
889,Явернулсядомой,"[1, 9]"
890,Тыоткрыламнедвери,"[2, 8, 12]"
891,Снегвошёлвследзамной,"[4, 9, 14, 16]"
892,Ивдругснеграстаял,"[2, 6, 10]"
893,Увиделтебя,"[1, 6]"
894,Напорогеостались,"[2, 8]"
895,Толькокаплидождя,"[6, 11]"
896,Насуноситрека,"[4, 9]"
897,Плавныхвёселволнами,"[4, 7, 12, 15]"
898,Словнокто-тооткрыл,"[6, 12]"
899,Всенебесныекраны,"[3, 8, 12]"
900,Мыстоимнакраю,"[2, 7, 9]"
901,Накраюводопада,"[2, 6]"
902,Снебальётсявода,"[1, 5, 11]"
903,Заморямиестьлимоновыйсад,"[2, 6, 8, 12, 16, 21]"
904,Янайдулимонибудурад,"[1, 6, 11, 12, 16]"
905,Нотебенедамнесмейменявинить,"[2, 6, 10, 13, 17, 21]"
906,Посмотритедочегоонхорош,"[8, 9, 12, 16, 18]"
907,Нонадорогетыегоненайдешь,"[2, 6, 10, 13, 17]"
908,Попробуйсделайсамнебудуятебяучить,"[8, 9, 13, 15, 19, 23, 24, 28]"
909,Растутлимонынавысокихгорах,"[6, 11, 14, 21]"
910,Накрутыхберегахдлякрутых,"[2, 6, 8, 13, 18, 22]"
911,Корочетынедостанешь,"[6, 10, 12]"
912,Явижуцельязалимономдотянутьсяхочу,"[1, 5, 9, 12, 19, 21, 25, 29]"
913,Язалимономлечуикрутизнойнаслаждаюсь,"[3, 10, 14, 15, 20, 24]"
914,СтранаЛимониястранабеззабот,"[6, 11, 13, 19, 22]"
915,ВстрануЛимониюведетподземныйход,"[1, 7, 12, 15, 19, 28]"
916,Найтипопробуйсамнебудуятебяучить,"[5, 13, 14, 18, 22, 23, 27]"
917,Труднадорогаиповсюдуобман,"[4, 8, 12, 13, 20]"
918,Ночтобнесбитьсяуменяестьплан,"[2, 6, 9, 13, 16, 20, 24]"
919,Ноятебенедамнесмейменявинить,"[3, 7, 11, 14, 18, 22]"
920,СтрануЛимониюищусдавнихпор,"[6, 11, 14, 17, 23]"
921,Мненадоелвечнозеленыйпомидор,"[3, 7, 9, 14, 21]"
922,Еготыкушайсамнесмейегосомнойделить,"[1, 5, 10, 11, 15, 19, 21, 24, 28]"
923,Несмейегосомнойделить,"[2, 6, 8, 11, 15]"
924,"Выйдунаулицу-солнцанема,","[5, 7, 12, 13, 19, 23]"
925,Парнимолодыесвелименясума.,"[5, 10, 13, 17, 21, 25]"
926,"Выйдунаулицу,глянунасело,-","[5, 7, 12, 16, 20, 24]"
927,"Девкигуляют,имневесело.","[5, 10, 16, 22]"
928,"Матушкародная,водицымнедай,","[7, 8, 12, 14, 18, 21, 25]"
929,Сердцемоетакикидаетвжар.,"[6, 10, 11, 15, 19]"
930,"Раньшеягулялавзеленомсаду,","[6, 7, 12, 14, 21, 25]"
931,Думаланаулицувекнепойду.,"[4, 8, 13, 15, 18, 23]"
932,Атеперьподвечеражпяткигорят-,"[1, 7, 10, 15, 17, 22, 26]"
933,Ноженькирезвыевпляскухотят.,"[4, 6, 10, 15, 19, 21, 25]"
934,"Япойдунаулицу,кдевкампойду,","[1, 6, 8, 13, 15, 20, 21, 26]"
935,Голосомзвонкимяимподпою.,"[5, 7, 13]"
936,"Матушка,слышишь,соловушекпоет,","[7, 8, 15, 16, 20, 21, 25, 29]"
937,"Атам,подгорою,пляскаидет-","[5, 8, 12, 14, 18, 20, 24]"
938,"Девкиголосистыезвонкопоют,","[5, 10, 15, 19, 21, 25]"
939,Мнедамолоденькойспатьнедают.,"[1, 5, 9, 13, 16, 21, 23, 27]"
940,"Теплоеместо,ноулицыждут","[5, 6, 11, 14, 19]"
941,Отпечатковнашихног.,"[10, 14]"
942,Звезднаяпыль-насапогах.,"[5, 8, 12, 15, 20]"
943,"Мягкоекресло,клетчатыйплед,","[5, 6, 12, 13, 22, 26]"
944,Ненажатыйвовремякурок.,"[4, 8, 11, 16, 17, 21]"
945,Солнечныйдень-вослепительныхснах.,"[9, 13, 15, 20, 21, 25, 28, 32]"
946,"Группакрови-нарукаве,","[6, 11, 14, 18]"
947,"Мойпорядковыйномер-нарукаве,","[3, 11, 13, 18, 21, 25]"
948,"Пожелаймнеудачивбою,пожелаймне:","[7, 10, 15, 20, 27]"
949,"Неостатьсявэтойтраве,","[3, 8, 11, 15, 20]"
950,Неостатьсявэтойтраве.,"[3, 8, 11, 15, 20]"
951,"Пожелаймнеудачи,пожелаймнеудачи!","[7, 10, 15, 16, 23, 26, 31]"
952,"Иестьчемплатить,ноянехочу","[1, 5, 8, 15, 18, 21]"
953,Победылюбойценой.,"[6, 11, 16]"
954,Яникомунехочуставитьногунагрудь.,"[3, 7, 9, 13, 20, 24, 26, 31]"
955,"Яхотелбыостатьсястобой,","[1, 6, 9, 14, 17, 22]"
956,"Простоостатьсястобой,","[6, 14, 15, 20]"
957,Новысокаявнебезвездазоветменявпуть.,"[4, 8, 10, 14, 20, 25, 29, 30, 34]"
958,"Ночькоротка,цельдалека,","[4, 11, 12, 16, 21]"
959,"Ночьютакчастохочетсяпить,","[5, 8, 13, 18, 20, 24]"
960,"Тывыходишьнакухню,","[2, 7, 12, 17]"
961,"Новодаздесьгорька,","[2, 6, 11, 17]"
962,"Тынеможешьздесьспать,","[4, 10, 15, 20]"
963,Тынехочешьздесьжить.,"[4, 10, 15, 19]"
964,"Доброеутро,последнийгерой!","[6, 10, 11, 16, 20, 25]"
965,"Доброеутротебеитаким,какты,","[6, 10, 14, 18, 22, 26]"
966,"Доброеутро,последнийгерой.","[6, 10, 11, 16, 20, 25]"
967,"Здравствуй,последнийгерой!","[10, 11, 16, 20, 25]"
968,"Тыхотелбытьодин,этобыстропрошло,","[2, 7, 11, 15, 19, 25, 31]"
969,"Тыхотелбытьодин,нонесмогбытьодин,","[2, 7, 11, 15, 16, 20, 24, 28, 32]"
970,"Твояношалегка,нонемеетрука,","[4, 8, 13, 16, 22, 26]"
971,Итывстречаешьрассветзаигройвдурака.,"[3, 10, 13, 16, 20, 22, 27, 28, 33]"
972,"Утромтыстремишьсяскорееуйти,","[5, 8, 12, 17, 23, 27]"
973,"Телефонныйзвонок,каккоманда'Вперед!'","[4, 6, 10, 16, 20, 27, 29, 34]"
974,"Тыуходишьтуда,куданехочешьидти,","[3, 9, 13, 14, 18, 20, 26, 30]"
975,"Тыуходишьтуда,нотебятамниктонеждет!","[3, 9, 13, 16, 20, 23, 28, 30, 34]"
976,Яидупоулицевзеленомпиджаке.,"[6, 11, 12, 19, 25]"
977,Мненравятсямоиботинки.,"[3, 11, 14, 21]"
978,Аещекрасивыйгалстукуменя.,"[4, 12, 19, 20, 24]"
979,"Ягладилбрюкидвачаса,","[2, 7, 12, 15, 19]"
980,Впарикмахерскойсиделсутра.,"[1, 6, 11, 15, 20, 21, 25]"
981,"Ивотидуяпоулице,одиня.","[4, 7, 10, 15, 16, 20]"
982,Поулицеидуя.,"[2, 7]"
983,Поулицеодин.,"[2, 7, 11]"
984,Умоегоприятеляестьновыепластинки.,"[1, 6, 14, 18, 23, 28, 32]"
985,Иязайдувкафеивыпьючашкукофе.,"[2, 7, 8, 12, 13, 18, 23, 27]"
986,Апотомпойдукнему.,"[1, 6, 11, 12, 16]"
987,ИвзеркалахвитринятакпохожнаБодиХоли.,"[2, 9, 10, 16, 20, 25, 27, 31, 35]"
988,Папаскородастсвоюмашинупокататьсямне.,"[4, 9, 13, 17, 23, 27, 31, 33]"
989,Идуя.,[]
990,Поулицеодиня.,"[2, 7, 11]"
991,Идуяпоулицеодин.,"[3, 6, 11, 15]"
992,Весна-постоянныйнасморк.,"[5, 6, 10, 12, 16, 23]"
993,Весна-солнцесветитопять.,"[5, 6, 12, 16, 19, 23]"
994,Ияпромочилноги.,"[2, 5, 9, 10, 14]"
995,Весна-ияопятьидугулять.,"[5, 8, 13, 16, 22]"
996,Весна-янемогуусидетьдома.,"[5, 6, 9, 13, 14, 20, 24]"
997,Весна-ялюблювесну.,"[5, 7, 12, 17]"
998,Очемпоютвмоемдворекошки?,"[4, 8, 9, 13, 18, 23]"
999,"Нет-нет-нет-нет,","[4, 8, 15]"
1000,Янеусну.,"[3, 7]"
1001,Весна-яуженегреюпио.,"[5, 8, 12, 16]"
1002,Весна-скоровырастеттрава.,"[5, 6, 11, 19, 24]"
1003,"Весна-выпосмотрите,каккрасиво.","[5, 8, 16, 19, 22, 29]"
1004,Весна-гдемояголова?,"[5, 7, 11, 12, 18]"
